Price,Close,High,Low,Open,Volume
Ticker,BRK-B,BRK-B,BRK-B,BRK-B,BRK-B
Date,,,,,
2022-02-14,314.2799987792969,320.42999267578125,312.1700134277344,319.6099853515625,8129100
2022-02-15,316.20001220703125,317.94000244140625,314.69000244140625,316.6400146484375,3681400
2022-02-16,315.6499938964844,316.8999938964844,314.2799987792969,315.0,3974100
2022-02-17,313.54998779296875,315.44000244140625,312.29998779296875,314.9800109863281,3632400
2022-02-18,314.79998779296875,315.67999267578125,313.0799865722656,313.8299865722656,4224500
2022-02-22,314.1600036621094,315.42999267578125,310.54998779296875,313.44000244140625,5102000
2022-02-23,309.989990234375,316.79998779296875,309.3800048828125,316.0799865722656,5030600
2022-02-24,308.2799987792969,308.80999755859375,299.510009765625,301.7799987792969,8834700
2022-02-25,319.239990234375,321.42999267578125,310.7799987792969,311.1600036621094,7484400
2022-02-28,321.45001220703125,322.0,315.19000244140625,317.3500061035156,7981000
2022-03-01,316.8399963378906,321.20001220703125,313.5899963378906,320.260009765625,6441400
2022-03-02,323.6400146484375,325.75,318.1199951171875,319.4800109863281,4506100
2022-03-03,327.739990234375,329.4700012207031,323.8900146484375,326.6300048828125,4594300
2022-03-04,325.3399963378906,325.6099853515625,320.1199951171875,322.6600036621094,4901900
2022-03-07,322.7200012207031,326.44000244140625,320.3500061035156,325.67999267578125,5875800
2022-03-08,318.5199890136719,327.2900085449219,318.0299987792969,325.29998779296875,7905000
2022-03-09,325.3999938964844,327.4700012207031,322.5799865722656,326.5899963378906,5874500
2022-03-10,325.29998779296875,325.70001220703125,321.5799865722656,322.489990234375,3843600
2022-03-11,326.6000061035156,331.489990234375,326.2300109863281,326.5299987792969,5135700
2022-03-14,329.9800109863281,333.4800109863281,327.6499938964844,328.6499938964844,5967200
2022-03-15,332.54998779296875,334.5799865722656,329.3800048828125,332.70001220703125,6928300
2022-03-16,336.1099853515625,337.3399963378906,331.7099914550781,335.1099853515625,5925800
2022-03-17,344.9700012207031,345.1300048828125,336.20001220703125,337.0,7219800
2022-03-18,342.4100036621094,346.8699951171875,339.2699890136719,344.1199951171875,8881500
2022-03-21,349.6600036621094,351.2099914550781,344.29998779296875,344.989990234375,6298300
2022-03-22,349.92999267578125,354.95001220703125,348.8999938964844,351.010009765625,5772700
2022-03-23,348.1600036621094,350.7900085449219,346.25,349.1300048828125,5642400
2022-03-24,352.3699951171875,352.57000732421875,349.1300048828125,351.5,3946300
2022-03-25,358.760009765625,359.010009765625,353.6000061035156,353.8999938964844,4583000
2022-03-28,359.57000732421875,361.3800048828125,355.5299987792969,360.5899963378906,4172900
2022-03-29,355.1199951171875,362.1000061035156,352.54998779296875,361.3900146484375,5004800
2022-03-30,357.6099853515625,357.8500061035156,351.8399963378906,354.6600036621094,3911200
2022-03-31,352.9100036621094,360.0,352.32000732421875,359.0,6065400
2022-04-01,351.8800048828125,354.5799865722656,349.0199890136719,353.6499938964844,4123800
2022-04-04,345.42999267578125,352.239990234375,344.30999755859375,352.0,5090000
2022-04-05,344.79998779296875,349.44000244140625,344.2799987792969,345.7699890136719,4244700
2022-04-06,344.7099914550781,346.9700012207031,340.54998779296875,341.1700134277344,4547400
2022-04-07,346.510009765625,347.6700134277344,342.3999938964844,346.2200012207031,3815700
2022-04-08,353.1000061035156,353.8500061035156,347.7300109863281,348.92999267578125,4490500
2022-04-11,352.0199890136719,354.3299865722656,349.3399963378906,352.9800109863281,3128900
2022-04-12,349.739990234375,354.0,348.3900146484375,352.260009765625,3548800
2022-04-13,346.2200012207031,350.7200012207031,345.25,349.4599914550781,3434200
2022-04-14,344.3299865722656,347.55999755859375,344.1400146484375,346.1600036621094,3283500
2022-04-18,346.6499938964844,347.19000244140625,343.5899963378906,344.45001220703125,2517100
2022-04-19,348.5,349.1300048828125,345.8500061035156,347.0,3392000
2022-04-20,348.82000732421875,350.5899963378906,347.70001220703125,350.0,3711200
2022-04-21,343.6000061035156,350.8599853515625,342.9599914550781,350.8599853515625,4032100
2022-04-22,335.55999755859375,343.2099914550781,335.1099853515625,342.94000244140625,4966500
2022-04-25,336.95001220703125,337.8500061035156,328.5299987792969,332.29998779296875,5695100
2022-04-26,330.6499938964844,337.3900146484375,330.3599853515625,333.5299987792969,4588900
2022-04-27,329.5799865722656,333.1400146484375,328.42999267578125,330.6000061035156,3726700
2022-04-28,331.2699890136719,332.05999755859375,327.8299865722656,331.5299987792969,3845800
2022-04-29,322.8299865722656,330.6400146484375,320.5,330.19000244140625,5685200
2022-05-02,318.19000244140625,324.3699951171875,311.739990234375,324.1099853515625,6797200
2022-05-03,318.989990234375,323.5799865722656,317.6700134277344,319.4200134277344,3874700
2022-05-04,326.79998779296875,327.2799987792969,318.0,319.1000061035156,4269600
2022-05-05,318.67999267578125,325.8500061035156,315.1600036621094,325.8500061035156,5257600
2022-05-06,318.8800048828125,320.3699951171875,314.19000244140625,317.989990234375,4198800
2022-05-09,312.9599914550781,316.9200134277344,311.55999755859375,315.3500061035156,4874400
2022-05-10,312.5299987792969,318.1099853515625,310.239990234375,315.9599914550781,4798400
2022-05-11,311.5400085449219,317.54998779296875,311.010009765625,313.1700134277344,4250700
2022-05-12,308.05999755859375,309.07000732421875,302.54998779296875,307.95001220703125,5679800
2022-05-13,310.3599853515625,312.4700012207031,307.8999938964844,311.25,3767500
2022-05-16,309.2900085449219,311.95001220703125,307.1300048828125,310.2799987792969,3697600
2022-05-17,314.6000061035156,315.44000244140625,312.1000061035156,315.2099914550781,4154200
2022-05-18,306.6400146484375,314.1700134277344,305.57000732421875,312.94000244140625,4417900
2022-05-19,304.1499938964844,306.30999755859375,301.2099914550781,303.92999267578125,4730100
2022-05-20,304.04998779296875,307.4599914550781,298.1099853515625,307.04998779296875,5517600
2022-05-23,310.20001220703125,312.44000244140625,306.6199951171875,307.3800048828125,4142100
2022-05-24,309.1700134277344,310.30999755859375,303.75,309.3900146484375,3657600
2022-05-25,308.6400146484375,310.989990234375,305.9200134277344,308.5899963378906,3704800
2022-05-26,312.5,314.3900146484375,310.9800109863281,311.2699890136719,4472000
2022-05-27,319.1099853515625,319.239990234375,314.1499938964844,314.7300109863281,4280100
2022-05-31,315.9800109863281,318.9800109863281,314.79998779296875,318.9800109863281,5675800
2022-06-01,312.2099914550781,316.7900085449219,309.6099853515625,316.0,3795700
2022-06-02,314.95001220703125,315.0899963378906,308.6099853515625,312.6499938964844,3119300
2022-06-03,310.94000244140625,313.79998779296875,310.3999938964844,312.5,2587500
2022-06-06,312.1499938964844,315.7799987792969,311.4800109863281,313.3800048828125,2980900
2022-06-07,313.6499938964844,313.7900085449219,309.3900146484375,310.5799865722656,2550700
2022-06-08,308.739990234375,312.79998779296875,307.92999267578125,312.1600036621094,2877400
2022-06-09,300.79998779296875,308.3800048828125,300.57000732421875,308.1000061035156,3217400
2022-06-10,291.7099914550781,298.0,291.6099853515625,296.0799865722656,5882600
2022-06-13,281.55999755859375,287.42999267578125,280.1000061035156,285.42999267578125,7109100
2022-06-14,277.6400146484375,283.9599914550781,276.1000061035156,282.0899963378906,5838100
2022-06-15,278.92999267578125,282.5,273.8699951171875,281.1600036621094,5821200
2022-06-16,268.55999755859375,273.3999938964844,266.8800048828125,273.3900146484375,7199200
2022-06-17,268.0799865722656,270.5,265.67999267578125,268.3900146484375,11562000
2022-06-21,271.7699890136719,273.9800109863281,270.3399963378906,273.8500061035156,4906700
2022-06-22,269.7900085449219,273.3999938964844,267.3800048828125,267.3800048828125,4220700
2022-06-23,267.5199890136719,270.7099914550781,263.67999267578125,269.8500061035156,4727400
2022-06-24,278.2799987792969,279.6700134277344,268.57000732421875,268.9700012207031,6451900
2022-06-27,278.3999938964844,282.0299987792969,277.6099853515625,280.5299987792969,4134800
2022-06-28,273.8599853515625,282.45001220703125,273.67999267578125,280.510009765625,3868000
2022-06-29,273.489990234375,275.94000244140625,272.9700012207031,274.95001220703125,2995900
2022-06-30,273.0199890136719,274.9200134277344,268.67999267578125,270.510009765625,4623500
2022-07-01,277.5,278.3999938964844,271.6300048828125,272.5,3667300
2022-07-05,275.69000244140625,275.8599853515625,271.3900146484375,274.20001220703125,3676900
2022-07-06,275.6499938964844,277.510009765625,272.8699951171875,274.8399963378906,3033900
2022-07-07,279.2799987792969,279.5899963378906,277.1000061035156,277.5,3949700
2022-07-08,280.8299865722656,282.6099853515625,279.25,279.7900085449219,2983400
2022-07-11,278.510009765625,281.4599914550781,277.8699951171875,279.3800048828125,2864400
2022-07-12,277.2799987792969,282.17999267578125,276.6499938964844,277.57000732421875,3033000
2022-07-13,277.4700012207031,280.0899963378906,274.45001220703125,275.3699951171875,4197400
2022-07-14,274.4100036621094,275.3500061035156,271.20001220703125,273.0,3888500
2022-07-15,278.4800109863281,280.0,276.05999755859375,277.5299987792969,4547400
2022-07-18,276.260009765625,281.5,275.2099914550781,281.5,3273800
2022-07-19,283.54998779296875,284.0799865722656,278.1700134277344,279.0,3590200
2022-07-20,286.0400085449219,286.44000244140625,283.8999938964844,284.6400146484375,3877200
2022-07-21,286.8500061035156,287.239990234375,282.0899963378906,287.0,3699000
2022-07-22,285.92999267578125,289.3999938964844,283.6199951171875,288.1000061035156,2876100
2022-07-25,287.989990234375,289.07000732421875,285.1499938964844,287.2099914550781,3136300
2022-07-26,285.30999755859375,288.7099914550781,284.6499938964844,287.7900085449219,2512200
2022-07-27,290.29998779296875,291.55999755859375,285.70001220703125,287.6700134277344,3613200
2022-07-28,293.8999938964844,294.0299987792969,286.7699890136719,291.17999267578125,3986900
2022-07-29,300.6000061035156,302.3999938964844,295.42999267578125,297.4200134277344,6976200
2022-08-01,295.8599853515625,299.70001220703125,294.8299865722656,299.70001220703125,4192700
2022-08-02,292.1700134277344,295.5299987792969,291.9200134277344,294.8699951171875,3166500
2022-08-03,294.9599914550781,295.8800048828125,291.1000061035156,295.04998779296875,4061400
2022-08-04,292.9100036621094,295.9800109863281,292.6199951171875,294.7300109863281,3946200
2022-08-05,292.07000732421875,294.1000061035156,290.42999267578125,291.8699951171875,3395400
2022-08-08,292.3399963378906,299.3299865722656,292.2699890136719,294.8699951171875,3965600
2022-08-09,292.7699890136719,297.57000732421875,291.92999267578125,293.3500061035156,3872100
2022-08-10,295.1099853515625,296.92999267578125,294.1000061035156,296.4800109863281,3705700
2022-08-11,296.4700012207031,299.05999755859375,296.1199951171875,298.0,3144800
2022-08-12,301.54998779296875,301.69000244140625,297.0,297.8999938964844,3231300
2022-08-15,302.82000732421875,303.760009765625,297.3999938964844,298.6400146484375,2927200
2022-08-16,306.6499938964844,308.1499938964844,303.760009765625,304.989990234375,3342600
2022-08-17,304.260009765625,306.8900146484375,302.739990234375,305.2200012207031,2962600
2022-08-18,304.2699890136719,304.57000732421875,301.54998779296875,304.44000244140625,2783100
2022-08-19,297.2799987792969,303.2200012207031,296.80999755859375,302.95001220703125,4613100
2022-08-22,288.69000244140625,294.4700012207031,287.8599853515625,294.0,4713900
2022-08-23,289.6499938964844,291.6400146484375,288.1499938964844,288.8500061035156,2592100
2022-08-24,293.5199890136719,294.0,289.4599914550781,290.0,3266100
2022-08-25,298.1300048828125,298.4800109863281,292.8299865722656,293.7099914550781,3463700
2022-08-26,289.9599914550781,299.6300048828125,289.6499938964844,299.4100036621094,5277200
2022-08-29,287.45001220703125,289.8299865722656,285.75,288.3999938964844,3098300
2022-08-30,285.4200134277344,289.32000732421875,284.7699890136719,288.7200012207031,3213700
2022-08-31,280.79998779296875,288.010009765625,280.44000244140625,287.25,4999600
2022-09-01,282.42999267578125,282.67999267578125,277.30999755859375,279.95001220703125,3765000
2022-09-02,277.6700134277344,285.4200134277344,276.3699951171875,284.8399963378906,3793600
2022-09-06,276.5899963378906,279.489990234375,275.3599853515625,278.010009765625,4362900
2022-09-07,281.0400085449219,281.739990234375,275.4200134277344,275.739990234375,3509900
2022-09-08,283.3399963378906,283.3999938964844,277.2900085449219,278.5799865722656,3542300
2022-09-09,285.7699890136719,287.0199890136719,284.1300048828125,284.5400085449219,3125100
2022-09-12,288.510009765625,289.239990234375,286.0299987792969,286.70001220703125,3407900
2022-09-13,278.2900085449219,285.1400146484375,277.5,283.989990234375,4582700
2022-09-14,278.4200134277344,280.2099914550781,275.6400146484375,279.0,3718400
2022-09-15,276.70001220703125,281.2699890136719,276.3599853515625,278.69000244140625,3274500
2022-09-16,274.80999755859375,276.3800048828125,273.260009765625,275.3500061035156,7288900
2022-09-19,278.95001220703125,279.1300048828125,272.7200012207031,272.7900085449219,3291500
2022-09-20,277.1300048828125,278.0400085449219,274.6099853515625,277.1700134277344,3275600
2022-09-21,270.739990234375,278.9200134277344,270.7200012207031,278.8999938964844,3941800
2022-09-22,268.510009765625,271.5,268.2699890136719,271.0299987792969,4120900
2022-09-23,267.7699890136719,268.1400146484375,264.239990234375,266.010009765625,5175100
2022-09-26,264.32000732421875,267.8399963378906,263.3699951171875,265.82000732421875,4929300
2022-09-27,265.4700012207031,267.92999267578125,261.54998779296875,266.989990234375,5767700
2022-09-28,271.7799987792969,273.6000061035156,264.9100036621094,265.6499938964844,5941800
2022-09-29,269.5799865722656,272.1700134277344,265.5899963378906,269.8900146484375,5210700
2022-09-30,267.0199890136719,272.94000244140625,266.6000061035156,269.2099914550781,6057500
2022-10-03,272.79998779296875,274.57000732421875,267.1600036621094,269.5199890136719,4901000
2022-10-04,280.489990234375,281.29998779296875,276.6000061035156,277.4200134277344,4633700
2022-10-05,279.3599853515625,280.8800048828125,275.8399963378906,276.8699951171875,3350400
2022-10-06,276.30999755859375,279.8500061035156,275.8999938964844,278.20001220703125,3394000
2022-10-07,269.0400085449219,274.5,267.4800109863281,274.44000244140625,4270200
2022-10-10,266.92999267578125,270.2099914550781,265.8599853515625,269.8900146484375,3106500
2022-10-11,267.30999755859375,270.9700012207031,265.6099853515625,266.1000061035156,3442000
2022-10-12,264.0,267.5199890136719,263.9599914550781,267.30999755859375,3342400
2022-10-13,275.7799987792969,276.7799987792969,259.8500061035156,260.5799865722656,5483400
2022-10-14,272.6700134277344,279.2200012207031,271.9700012207031,277.5899963378906,4292300
2022-10-17,277.0199890136719,278.5899963378906,275.29998779296875,276.4800109863281,4452100
2022-10-18,281.6700134277344,283.3599853515625,279.25,282.739990234375,4292700
2022-10-19,278.3399963378906,282.3800048828125,276.9700012207031,280.3299865722656,3213700
2022-10-20,273.5299987792969,279.44000244140625,273.0,278.07000732421875,3916600
2022-10-21,282.510009765625,282.9200134277344,271.4599914550781,273.760009765625,4995400
2022-10-24,287.4800109863281,289.3399963378906,283.989990234375,284.1000061035156,3860000
2022-10-25,289.239990234375,289.8699951171875,286.8800048828125,288.7699890136719,3171000
2022-10-26,288.5199890136719,291.79998779296875,287.67999267578125,289.75,3294100
2022-10-27,289.8800048828125,294.0,288.8500061035156,290.30999755859375,4273800
2022-10-28,299.6300048828125,299.9800109863281,291.4800109863281,292.7699890136719,4627600
2022-10-31,295.0899963378906,298.8900146484375,294.8500061035156,297.9800109863281,4626400
2022-11-01,294.1300048828125,298.8699951171875,293.0400085449219,298.45001220703125,3837000
2022-11-02,289.4599914550781,298.260009765625,289.4200134277344,293.0400085449219,4269000
2022-11-03,283.8500061035156,287.4700012207031,283.4599914550781,286.0199890136719,3122900
2022-11-04,287.4700012207031,289.20001220703125,282.3800048828125,286.7699890136719,3925300
2022-11-07,290.19000244140625,292.1000061035156,288.6499938964844,290.9200134277344,3522000
2022-11-08,292.6099853515625,294.739990234375,289.010009765625,291.1099853515625,3562200
2022-11-09,288.6499938964844,292.3999938964844,288.05999755859375,291.9800109863281,2759300
2022-11-10,303.20001220703125,303.5,294.5400085449219,297.1099853515625,5693100
2022-11-11,309.7200012207031,311.3299865722656,302.6000061035156,305.55999755859375,6570200
2022-11-14,308.9100036621094,311.8399963378906,308.8399963378906,310.0,4637600
2022-11-15,309.9800109863281,313.8900146484375,307.17999267578125,313.6700134277344,4372400
2022-11-16,308.760009765625,311.54998779296875,306.739990234375,310.92999267578125,2970600
2022-11-17,307.44000244140625,307.6199951171875,304.1499938964844,305.70001220703125,3062200
2022-11-18,310.760009765625,311.20001220703125,308.6199951171875,310.54998779296875,3395500
2022-11-21,311.20001220703125,312.8999938964844,308.5799865722656,310.80999755859375,2862000
2022-11-22,315.760009765625,316.55999755859375,312.04998779296875,313.0,3172000
2022-11-23,316.17999267578125,316.42999267578125,314.07000732421875,315.3900146484375,2684900
2022-11-25,317.42999267578125,319.1199951171875,316.17999267578125,317.5199890136719,1844900
2022-11-28,313.2699890136719,317.6400146484375,312.3299865722656,316.25,4230700
2022-11-29,315.1300048828125,315.2900085449219,311.3500061035156,311.8900146484375,3740100
2022-11-30,318.6000061035156,318.6000061035156,308.70001220703125,315.1300048828125,7919700
2022-12-01,315.8399963378906,319.55999755859375,313.29998779296875,319.0,4351600
2022-12-02,316.1499938964844,316.3800048828125,312.75,313.489990234375,3025700
2022-12-05,310.57000732421875,315.6600036621094,308.7300109863281,315.2200012207031,3835800
2022-12-06,307.7799987792969,310.2900085449219,306.3500061035156,309.95001220703125,3877400
2022-12-07,305.82000732421875,309.3800048828125,304.9200134277344,307.07000732421875,4130800
2022-12-08,305.989990234375,307.489990234375,305.0899963378906,306.0,2351700
2022-12-09,306.3900146484375,308.3399963378906,304.7099914550781,305.32000732421875,3326000
2022-12-12,311.45001220703125,311.9100036621094,305.4599914550781,307.54998779296875,4366700
2022-12-13,312.3299865722656,318.9100036621094,310.82000732421875,318.3999938964844,5042800
2022-12-14,309.2900085449219,316.3599853515625,308.3999938964844,312.739990234375,4056900
2022-12-15,301.9100036621094,306.9599914550781,299.45001220703125,306.42999267578125,5103900
2022-12-16,300.0,302.4700012207031,297.760009765625,299.04998779296875,8305700
2022-12-19,300.0299987792969,301.4800109863281,297.1499938964844,300.510009765625,3842200
2022-12-20,302.0,304.19000244140625,297.0,300.0899963378906,3090700
2022-12-21,307.82000732421875,308.5400085449219,304.1600036621094,304.3800048828125,3264600
2022-12-22,302.69000244140625,306.5,297.6400146484375,306.1000061035156,3560100
2022-12-23,306.489990234375,306.57000732421875,300.92999267578125,302.8800048828125,2460400
2022-12-27,305.54998779296875,308.5799865722656,304.6499938964844,306.45001220703125,2730900
2022-12-28,303.42999267578125,307.4599914550781,303.260009765625,304.7699890136719,2628200
2022-12-29,309.05999755859375,309.3800048828125,305.239990234375,305.94000244140625,2846200
2022-12-30,308.8999938964844,309.0400085449219,305.6199951171875,306.95001220703125,3298300
2023-01-03,309.9100036621094,312.3900146484375,307.3800048828125,310.07000732421875,3549900
2023-01-04,314.54998779296875,316.8900146484375,311.25,312.0,5121200
2023-01-05,312.8999938964844,314.2300109863281,310.0,313.57000732421875,3416300
2023-01-06,318.69000244140625,320.1600036621094,313.3800048828125,315.0,3647900
2023-01-09,315.5299987792969,320.5,314.75,319.0199890136719,4397400
2023-01-10,316.3500061035156,316.79998779296875,313.3399963378906,315.0,3049100
2023-01-11,320.3699951171875,320.57000732421875,316.6000061035156,318.5199890136719,2999500
2023-01-12,318.92999267578125,321.32000732421875,317.7200012207031,321.1499938964844,3070300
2023-01-13,317.6400146484375,318.4200134277344,315.7900085449219,317.489990234375,2773000
2023-01-17,314.8599853515625,318.5199890136719,314.25,318.3999938964844,3478900
2023-01-18,308.29998779296875,315.5400085449219,307.75,315.0,3406000
2023-01-19,305.2300109863281,307.239990234375,303.8599853515625,306.1199951171875,3614600
2023-01-20,309.8699951171875,310.010009765625,304.3599853515625,305.2099914550781,3770100
2023-01-23,310.4200134277344,312.7300109863281,306.8500061035156,309.6300048828125,3086700
2023-01-24,311.29998779296875,312.8299865722656,307.5,309.29998779296875,2234300
2023-01-25,311.8999938964844,312.54998779296875,307.7099914550781,308.3299865722656,2299800
2023-01-26,310.95001220703125,313.67999267578125,309.5799865722656,312.989990234375,2856600
2023-01-27,309.1700134277344,311.7300109863281,308.3399963378906,309.7900085449219,3031200
2023-01-30,307.3299865722656,309.510009765625,306.80999755859375,307.6000061035156,3474600
2023-01-31,311.5199890136719,311.8599853515625,305.7900085449219,307.739990234375,3653400
2023-02-01,310.57000732421875,312.6700134277344,306.3800048828125,309.6300048828125,3518300
2023-02-02,311.8599853515625,312.6000061035156,308.29998779296875,312.3500061035156,4421400
2023-02-03,308.510009765625,311.54998779296875,305.9200134277344,311.0,5385700
2023-02-06,308.42999267578125,308.79998779296875,305.6000061035156,308.25,2973100
2023-02-07,312.9700012207031,314.1499938964844,306.6300048828125,307.29998779296875,3786700
2023-02-08,308.4800109863281,313.4100036621094,308.010009765625,311.1199951171875,3370000
2023-02-09,307.2099914550781,311.4200134277344,306.989990234375,310.1700134277344,3461200
2023-02-10,309.8900146484375,309.9800109863281,305.2799987792969,307.0799865722656,2808000
2023-02-13,313.739990234375,313.739990234375,309.6199951171875,310.29998779296875,3261500
2023-02-14,310.7900085449219,314.1000061035156,309.0400085449219,313.7799987792969,2907100
2023-02-15,309.6300048828125,310.3699951171875,308.2799987792969,309.9800109863281,2410700
2023-02-16,308.17999267578125,310.20001220703125,306.8699951171875,307.5799865722656,2801700
2023-02-17,308.239990234375,308.4100036621094,305.4800109863281,307.1499938964844,2720500
2023-02-21,302.7200012207031,307.29998779296875,300.5,306.1700134277344,4131100
2023-02-22,303.1600036621094,305.2699890136719,301.7699890136719,303.20001220703125,2899500
2023-02-23,303.07000732421875,305.55999755859375,300.25,305.010009765625,2736400
2023-02-24,304.0199890136719,305.6199951171875,300.010009765625,300.3999938964844,3656200
2023-02-27,304.6600036621094,305.7799987792969,302.010009765625,304.3699951171875,3652200
2023-02-28,305.17999267578125,306.1499938964844,303.4100036621094,304.8900146484375,4736800
2023-03-01,304.6199951171875,305.6199951171875,302.0799865722656,304.0199890136719,3397200
2023-03-02,307.75,308.1000061035156,301.45001220703125,303.6600036621094,3152100
2023-03-03,312.45001220703125,312.6600036621094,308.5,309.55999755859375,4493000
2023-03-06,316.9700012207031,317.2900085449219,312.42999267578125,312.82000732421875,4889800
2023-03-07,311.1199951171875,316.5,310.2300109863281,316.3900146484375,3609700
2023-03-08,311.3699951171875,312.67999267578125,309.25,310.7200012207031,2701600
2023-03-09,304.82000732421875,313.17999267578125,303.94000244140625,311.0,3929500
2023-03-10,303.6300048828125,306.7200012207031,301.9200134277344,302.95001220703125,5294800
2023-03-13,302.8800048828125,306.5899963378906,300.760009765625,301.75,4993000
2023-03-14,305.3299865722656,307.54998779296875,301.67999267578125,306.9200134277344,5251500
2023-03-15,297.8800048828125,300.54998779296875,294.8999938964844,300.0199890136719,7162800
2023-03-16,302.010009765625,304.42999267578125,295.3599853515625,296.3699951171875,6325700
2023-03-17,293.510009765625,301.29998779296875,292.4200134277344,301.29998779296875,15609400
2023-03-20,301.05999755859375,301.510009765625,295.05999755859375,295.57000732421875,6056000
2023-03-21,303.8500061035156,305.6300048828125,302.25,304.55999755859375,4724000
2023-03-22,299.7300109863281,307.04998779296875,299.6499938964844,303.7200012207031,3086300
2023-03-23,298.3699951171875,302.0799865722656,296.29998779296875,301.3900146484375,4015800
2023-03-24,298.9200134277344,299.5,293.3900146484375,294.67999267578125,3905400
2023-03-27,302.1400146484375,303.2099914550781,298.9700012207031,300.8800048828125,3833900
2023-03-28,302.32000732421875,302.7200012207031,300.5899963378906,301.92999267578125,2436500
2023-03-29,305.29998779296875,305.3800048828125,303.3599853515625,304.79998779296875,2650000
2023-03-30,305.0799865722656,307.4700012207031,302.5799865722656,307.0899963378906,2694000
2023-03-31,308.7699890136719,308.80999755859375,304.989990234375,305.8999938964844,5020200
2023-04-03,310.30999755859375,311.5,308.239990234375,309.25,4862300
2023-04-04,309.07000732421875,311.0,307.07000732421875,310.760009765625,2740300
2023-04-05,310.3900146484375,311.07000732421875,307.8500061035156,307.8500061035156,2314500
2023-04-06,312.510009765625,313.2200012207031,309.04998779296875,309.82000732421875,3131400
2023-04-10,312.6199951171875,313.70001220703125,310.3299865722656,311.4100036621094,2330900
2023-04-11,313.70001220703125,315.94000244140625,311.7699890136719,312.55999755859375,3109500
2023-04-12,314.54998779296875,316.9200134277344,313.7200012207031,315.9700012207031,2662600
2023-04-13,318.04998779296875,318.80999755859375,313.260009765625,315.2699890136719,3323300
2023-04-14,319.739990234375,321.8800048828125,318.1199951171875,318.8900146484375,2975400
2023-04-17,323.7900085449219,323.9800109863281,319.0,320.20001220703125,3425500
2023-04-18,324.6300048828125,325.7200012207031,322.5,324.95001220703125,3581200
2023-04-19,323.0899963378906,324.54998779296875,322.760009765625,323.8500061035156,2406200
2023-04-20,323.82000732421875,324.3699951171875,321.32000732421875,322.20001220703125,2428400
2023-04-21,324.3299865722656,324.8500061035156,321.6099853515625,322.3599853515625,2405700
2023-04-24,326.04998779296875,326.3999938964844,324.29998779296875,324.42999267578125,2261900
2023-04-25,324.3399963378906,327.1000061035156,324.1099853515625,325.989990234375,2552200
2023-04-26,320.5299987792969,323.739990234375,319.0,323.30999755859375,2718600
2023-04-27,326.2300109863281,326.9100036621094,322.1099853515625,322.8599853515625,2950000
2023-04-28,328.54998779296875,328.80999755859375,325.19000244140625,325.44000244140625,2909600
2023-05-01,330.1700134277344,331.8399963378906,328.57000732421875,329.1600036621094,2461300
2023-05-02,325.8599853515625,330.25,322.760009765625,330.1499938964844,3366500
2023-05-03,323.2200012207031,328.07000732421875,323.05999755859375,327.1300048828125,2653800
2023-05-04,320.0,325.989990234375,317.4100036621094,323.44000244140625,3185600
2023-05-05,323.8800048828125,325.1600036621094,322.6199951171875,323.3599853515625,3869500
2023-05-08,326.1400146484375,330.69000244140625,325.7900085449219,328.260009765625,3302400
2023-05-09,324.8699951171875,326.8800048828125,323.4800109863281,324.8699951171875,2283400
2023-05-10,322.989990234375,326.1600036621094,320.1499938964844,326.0799865722656,2639800
2023-05-11,322.6400146484375,322.9599914550781,319.80999755859375,321.0,2548900
2023-05-12,322.489990234375,324.239990234375,320.5400085449219,323.82000732421875,1937300
2023-05-15,323.5299987792969,323.8299865722656,320.1300048828125,322.8900146484375,2190000
2023-05-16,323.75,324.69000244140625,322.3599853515625,322.4599914550781,2139500
2023-05-17,327.3900146484375,328.260009765625,324.82000732421875,325.0199890136719,3046800
2023-05-18,329.760009765625,329.9800109863281,325.8500061035156,326.8699951171875,2805000
2023-05-19,330.3900146484375,333.94000244140625,329.1199951171875,331.0,4322900
2023-05-22,329.1300048828125,331.489990234375,328.3500061035156,330.75,2762500
2023-05-23,323.1099853515625,329.2699890136719,322.9700012207031,328.19000244140625,4029300
2023-05-24,320.20001220703125,323.0,319.55999755859375,322.7099914550781,3071500
2023-05-25,319.0199890136719,320.55999755859375,317.7099914550781,320.55999755859375,4245400
2023-05-26,320.6000061035156,322.6300048828125,319.6700134277344,320.44000244140625,3229400
2023-05-30,322.19000244140625,322.4700012207031,319.0,321.8599853515625,3231800
2023-05-31,321.0799865722656,322.4100036621094,319.3900146484375,321.1199951171875,6175000
2023-06-01,323.1199951171875,323.2200012207031,319.5299987792969,321.4200134277344,3375300
2023-06-02,329.4800109863281,330.6700134277344,324.4200134277344,325.1600036621094,3962200
2023-06-05,328.5799865722656,330.8900146484375,327.57000732421875,330.8900146484375,3091800
2023-06-06,333.4100036621094,334.1600036621094,328.67999267578125,329.0400085449219,3181400
2023-06-07,335.4200134277344,335.82000732421875,331.42999267578125,334.010009765625,3727800
2023-06-08,335.95001220703125,336.32000732421875,334.1000061035156,335.489990234375,2759300
2023-06-09,335.2900085449219,337.5899963378906,334.9200134277344,335.760009765625,2619200
2023-06-12,333.6000061035156,335.3500061035156,332.2200012207031,335.1600036621094,2873400
2023-06-13,336.3900146484375,336.6199951171875,332.20001220703125,333.2200012207031,2953000
2023-06-14,335.8999938964844,340.3800048828125,334.0899963378906,337.2200012207031,5164600
2023-06-15,339.82000732421875,341.67999267578125,335.5400085449219,335.9700012207031,4095200
2023-06-16,338.30999755859375,341.29998779296875,337.6600036621094,341.0199890136719,8486200
2023-06-20,338.6700134277344,339.2799987792969,336.6199951171875,338.1499938964844,3751700
2023-06-21,338.6099853515625,341.3500061035156,336.3699951171875,337.29998779296875,4507000
2023-06-22,336.9599914550781,338.8500061035156,335.6600036621094,338.8399963378906,3303300
2023-06-23,335.25,337.4700012207031,334.19000244140625,335.1000061035156,4451700
2023-06-26,334.1199951171875,335.8299865722656,331.8399963378906,335.1700134277344,3220900
2023-06-27,335.3399963378906,336.7300109863281,334.3699951171875,334.3900146484375,2625600
2023-06-28,334.1499938964844,336.3999938964844,332.6099853515625,336.04998779296875,3175100
2023-06-29,336.9100036621094,337.010009765625,334.1400146484375,334.260009765625,2498900
2023-06-30,341.0,342.5,338.3999938964844,338.7799987792969,4520600
2023-07-03,342.0,342.0799865722656,338.4100036621094,340.75,2047400
2023-07-05,341.55999755859375,341.8900146484375,338.70001220703125,340.04998779296875,2870700
2023-07-06,341.4599914550781,341.79998779296875,338.9100036621094,339.75,2548300
2023-07-07,340.8999938964844,344.07000732421875,340.3900146484375,340.5199890136719,2940800
2023-07-10,341.1300048828125,343.4800109863281,339.8699951171875,340.4800109863281,2966500
2023-07-11,343.3699951171875,343.8399963378906,340.92999267578125,341.2300109863281,2754900
2023-07-12,345.3500061035156,346.44000244140625,344.30999755859375,345.2900085449219,2897100
2023-07-13,343.5400085449219,346.2099914550781,343.45001220703125,345.6000061035156,2831800
2023-07-14,341.0899963378906,345.0,340.510009765625,344.989990234375,2669300
2023-07-17,344.25,345.7200012207031,341.0899963378906,341.0899963378906,2359500
2023-07-18,345.3399963378906,347.25,343.5400085449219,344.04998779296875,2565300
2023-07-19,342.42999267578125,345.3800048828125,341.989990234375,344.2099914550781,3032100
2023-07-20,346.6099853515625,346.7900085449219,342.8500061035156,343.0899963378906,3146000
2023-07-21,345.760009765625,347.6199951171875,345.1000061035156,346.760009765625,3301900
2023-07-24,349.6300048828125,351.19000244140625,346.2799987792969,346.7699890136719,3269400
2023-07-25,347.5799865722656,349.6600036621094,345.5400085449219,349.32000732421875,3014000
2023-07-26,349.79998779296875,351.0899963378906,347.5199890136719,347.55999755859375,2682900
2023-07-27,349.30999755859375,351.2699890136719,348.6000061035156,350.69000244140625,2706700
2023-07-28,349.80999755859375,351.0,348.32000732421875,349.92999267578125,2473300
2023-07-31,351.9599914550781,352.3299865722656,350.2099914550781,350.7300109863281,2621600
2023-08-01,352.260009765625,353.4200134277344,351.25,352.0299987792969,2293300
2023-08-02,351.19000244140625,352.8900146484375,349.69000244140625,351.45001220703125,3085900
2023-08-03,353.80999755859375,354.4700012207031,349.4200134277344,350.2900085449219,2942000
2023-08-04,349.989990234375,355.1099853515625,349.3900146484375,353.989990234375,2842000
2023-08-07,362.5799865722656,364.6300048828125,355.1499938964844,355.7300109863281,5379900
2023-08-08,363.7300109863281,364.25,358.8500061035156,359.4200134277344,3428800
2023-08-09,358.0199890136719,364.42999267578125,356.05999755859375,364.20001220703125,4424600
2023-08-10,356.9800109863281,362.3500061035156,355.9200134277344,359.3599853515625,3098800
2023-08-11,358.3500061035156,359.25,353.20001220703125,356.260009765625,2475200
2023-08-14,358.4800109863281,358.95001220703125,356.80999755859375,358.25,1990700
2023-08-15,354.5,357.9200134277344,353.6700134277344,357.0,2863700
2023-08-16,354.1099853515625,358.7200012207031,353.3800048828125,354.6000061035156,2196100
2023-08-17,353.19000244140625,356.29998779296875,351.8800048828125,354.010009765625,2847700
2023-08-18,352.55999755859375,354.29998779296875,351.25,351.4700012207031,2870600
2023-08-21,352.0899963378906,354.17999267578125,349.6099853515625,354.0899963378906,2540000
2023-08-22,350.57000732421875,353.5,349.6600036621094,353.010009765625,2363300
2023-08-23,354.260009765625,354.32000732421875,351.5400085449219,351.6300048828125,2239500
2023-08-24,354.29998779296875,357.2300109863281,354.1300048828125,354.3500061035156,2521100
2023-08-25,355.92999267578125,357.3500061035156,352.9200134277344,354.989990234375,2136800
2023-08-28,355.54998779296875,358.4100036621094,354.5299987792969,357.8900146484375,1728000
2023-08-29,358.2900085449219,358.5899963378906,354.010009765625,355.0400085449219,2285600
2023-08-30,361.05999755859375,362.67999267578125,358.6000061035156,358.6300048828125,3058300
2023-08-31,360.20001220703125,362.4700012207031,359.25,362.17999267578125,2842300
2023-09-01,362.4599914550781,363.3900146484375,360.6000061035156,362.0,2637900
2023-09-05,360.4700012207031,366.4700012207031,360.0,363.8800048828125,2976800
2023-09-06,361.6700134277344,362.79998779296875,359.260009765625,360.0199890136719,2655800
2023-09-07,361.79998779296875,363.29998779296875,360.8699951171875,360.9599914550781,3263800
2023-09-08,363.1499938964844,364.8299865722656,361.7699890136719,362.5199890136719,3019100
2023-09-11,365.5199890136719,366.6099853515625,364.510009765625,364.8699951171875,2921600
2023-09-12,367.7799987792969,370.42999267578125,365.4700012207031,365.6499938964844,2898400
2023-09-13,367.82000732421875,370.8399963378906,365.9700012207031,369.3299865722656,3261400
2023-09-14,369.5,370.2200012207031,368.260009765625,370.1000061035156,3670100
2023-09-15,367.8599853515625,370.20001220703125,367.5199890136719,368.5199890136719,11595000
2023-09-18,370.42999267578125,371.3299865722656,367.7900085449219,369.3299865722656,3130900
2023-09-19,370.4800109863281,373.3399963378906,368.4599914550781,371.6400146484375,2603700
2023-09-20,366.82000732421875,371.3399963378906,366.7300109863281,371.3299865722656,2268400
2023-09-21,363.2799987792969,367.20001220703125,362.94000244140625,366.55999755859375,3178600
2023-09-22,360.1600036621094,363.4200134277344,359.760009765625,362.7799987792969,3969400
2023-09-25,361.7099914550781,361.8900146484375,357.2699890136719,359.010009765625,2556200
2023-09-26,359.4200134277344,360.7900085449219,357.95001220703125,359.79998779296875,3063900
2023-09-27,357.7799987792969,360.5199890136719,354.2699890136719,360.010009765625,3535400
2023-09-28,357.05999755859375,359.4700012207031,356.6700134277344,357.79998779296875,2731700
2023-09-29,350.29998779296875,357.5,348.54998779296875,357.29998779296875,4932900
2023-10-02,348.0799865722656,350.0,345.4100036621094,349.6400146484375,3527600
2023-10-03,343.0400085449219,348.239990234375,342.1300048828125,347.3900146484375,3151700
2023-10-04,343.69000244140625,344.010009765625,339.510009765625,342.9200134277344,3244600
2023-10-05,345.05999755859375,345.94000244140625,342.3699951171875,343.70001220703125,3027300
2023-10-06,346.3399963378906,348.760009765625,341.8599853515625,344.1000061035156,3174700
2023-10-09,345.45001220703125,345.8999938964844,342.8299865722656,344.239990234375,2762800
2023-10-10,348.55999755859375,349.510009765625,345.5,347.0,2858600
2023-10-11,348.42999267578125,349.6000061035156,344.9200134277344,349.3800048828125,2620800
2023-10-12,345.6600036621094,348.6600036621094,343.0199890136719,348.2099914550781,2677500
2023-10-13,345.0899963378906,348.44000244140625,343.8800048828125,346.0,2804800
2023-10-16,346.2300109863281,349.94000244140625,345.8299865722656,348.0,3117800
2023-10-17,345.3900146484375,348.4100036621094,344.1499938964844,346.17999267578125,2998600
2023-10-18,340.8900146484375,344.8299865722656,339.9599914550781,344.7200012207031,2977100
2023-10-19,338.6600036621094,342.69000244140625,338.45001220703125,340.30999755859375,2741300
2023-10-20,335.8599853515625,340.0,334.3500061035156,338.1499938964844,3466100
2023-10-23,336.8399963378906,338.8800048828125,333.489990234375,334.07000732421875,2794200
2023-10-24,338.6300048828125,339.8500061035156,337.7699890136719,338.17999267578125,2355700
2023-10-25,336.8999938964844,339.6199951171875,336.54998779296875,338.5899963378906,2623200
2023-10-26,336.1600036621094,338.32000732421875,335.4599914550781,337.07000732421875,2685400
2023-10-27,331.7099914550781,336.19000244140625,330.5799865722656,336.1199951171875,3608200
2023-10-30,337.4100036621094,338.3599853515625,332.17999267578125,332.9599914550781,2634700
2023-10-31,341.3299865722656,341.489990234375,337.5,337.95001220703125,3066900
2023-11-01,343.75,345.3299865722656,340.5799865722656,341.2099914550781,2789700
2023-11-02,349.0199890136719,349.3900146484375,344.5,346.3900146484375,3433700
2023-11-03,351.80999755859375,354.3500061035156,349.7900085449219,350.1700134277344,4409100
2023-11-06,346.6300048828125,354.0299987792969,344.05999755859375,354.0299987792969,5486200
2023-11-07,346.1700134277344,346.95001220703125,344.29998779296875,346.80999755859375,3062900
2023-11-08,346.29998779296875,348.0,344.69000244140625,346.8500061035156,2602400
2023-11-09,348.17999267578125,350.1099853515625,346.8800048828125,347.6400146484375,3052100
2023-11-10,350.55999755859375,351.20001220703125,348.6000061035156,349.6000061035156,3701100
2023-11-13,350.010009765625,350.6499938964844,348.80999755859375,350.0899963378906,2196200
2023-11-14,354.25,355.95001220703125,351.25,352.5199890136719,3387500
2023-11-15,356.7900085449219,357.30999755859375,354.4800109863281,355.0199890136719,3572900
2023-11-16,359.8599853515625,360.0,357.2300109863281,357.7900085449219,2822500
2023-11-17,358.92999267578125,360.55999755859375,358.07000732421875,360.4700012207031,3260000
2023-11-20,361.3299865722656,362.6099853515625,358.17999267578125,359.3500061035156,3215300
2023-11-21,361.0,363.0299987792969,360.25,360.5799865722656,2918800
2023-11-22,361.79998779296875,362.4599914550781,360.04998779296875,361.760009765625,2110200
2023-11-24,362.67999267578125,363.19000244140625,361.239990234375,362.510009765625,1282000
2023-11-27,361.3399963378906,362.6400146484375,359.5799865722656,362.6400146484375,2580300
2023-11-28,360.04998779296875,362.1199951171875,359.2099914550781,361.54998779296875,2953500
2023-11-29,358.69000244140625,361.5199890136719,358.29998779296875,360.95001220703125,3141100
2023-11-30,360.0,360.42999267578125,358.4200134277344,359.45001220703125,4606800
2023-12-01,357.07000732421875,360.239990234375,355.29998779296875,359.94000244140625,4705700
2023-12-04,356.6600036621094,357.8299865722656,353.7900085449219,355.9100036621094,3053400
2023-12-05,355.0299987792969,356.6000061035156,352.2900085449219,355.2300109863281,3061200
2023-12-06,352.3800048828125,357.45001220703125,351.8900146484375,356.1499938964844,3039100
2023-12-07,352.70001220703125,353.0199890136719,350.8500061035156,352.0,2830000
2023-12-08,353.0799865722656,353.6700134277344,351.0199890136719,353.0,3289000
2023-12-11,357.05999755859375,357.489990234375,354.2099914550781,355.0,3108400
2023-12-12,360.0199890136719,360.4100036621094,356.760009765625,357.8999938964844,3188800
2023-12-13,362.0299987792969,362.1499938964844,359.0400085449219,360.19000244140625,3132700
2023-12-14,358.1199951171875,364.04998779296875,356.3800048828125,364.04998779296875,5512300
2023-12-15,356.5,358.0,354.20001220703125,357.6300048828125,8578200
2023-12-18,359.6499938964844,361.1400146484375,357.0,357.4200134277344,4526400
2023-12-19,361.79998779296875,362.54998779296875,359.0899963378906,360.1499938964844,3084600
2023-12-20,355.3500061035156,361.6600036621094,355.1199951171875,361.5199890136719,3926700
2023-12-21,356.1400146484375,357.20001220703125,353.6300048828125,356.0199890136719,2851200
2023-12-22,356.4700012207031,358.260009765625,355.4100036621094,356.5,2332200
2023-12-26,356.8299865722656,357.7699890136719,356.0799865722656,356.8999938964844,1964400
2023-12-27,356.95001220703125,357.0799865722656,355.5,355.92999267578125,2478500
2023-12-28,357.57000732421875,358.67999267578125,356.7300109863281,357.4800109863281,2740600
2023-12-29,356.6600036621094,357.8599853515625,355.30999755859375,357.55999755859375,3269400
2024-01-02,362.4599914550781,362.57000732421875,355.94000244140625,356.32000732421875,4737000
2024-01-03,366.75,367.8500061035156,361.07000732421875,362.0799865722656,4321800
2024-01-04,363.67999267578125,369.3699951171875,363.4100036621094,367.4100036621094,4142800
2024-01-05,365.5899963378906,366.29998779296875,364.19000244140625,364.8299865722656,2965200
2024-01-08,368.17999267578125,368.29998779296875,364.20001220703125,366.010009765625,3445700
2024-01-09,366.8999938964844,368.0,364.7699890136719,368.0,2998800
2024-01-10,367.9200134277344,368.8299865722656,365.75,366.260009765625,2448100
2024-01-11,363.3399963378906,367.8900146484375,362.1300048828125,367.80999755859375,3577800
2024-01-12,363.6199951171875,366.8500061035156,362.57000732421875,366.510009765625,2623100
2024-01-16,361.1000061035156,363.6000061035156,359.8900146484375,362.94000244140625,3046500
2024-01-17,359.2900085449219,362.5299987792969,357.9800109863281,359.010009765625,2550300
2024-01-18,362.3800048828125,362.6400146484375,358.29998779296875,359.25,3007800
2024-01-19,366.989990234375,368.30999755859375,361.0199890136719,362.25,4063700
2024-01-22,368.05999755859375,369.2699890136719,366.5299987792969,368.04998779296875,3552500
2024-01-23,372.1400146484375,372.4200134277344,367.7099914550781,368.0199890136719,2896300
2024-01-24,376.5899963378906,377.7900085449219,372.0299987792969,372.5299987792969,4589300
2024-01-25,380.8500061035156,380.989990234375,377.8900146484375,379.239990234375,4055800
2024-01-26,385.3999938964844,385.7300109863281,380.0,381.04998779296875,3621400
2024-01-29,383.17999267578125,385.70001220703125,379.1700134277344,385.489990234375,3797400
2024-01-30,387.1499938964844,387.6400146484375,380.0799865722656,383.239990234375,3090900
2024-01-31,383.739990234375,387.9200134277344,383.54998779296875,386.5299987792969,3856400
2024-02-01,386.44000244140625,386.54998779296875,381.4800109863281,384.0,2947100
2024-02-02,390.75,392.07000732421875,386.44000244140625,386.67999267578125,3806800
2024-02-05,390.760009765625,393.3699951171875,389.2900085449219,389.95001220703125,3651900
2024-02-06,393.739990234375,393.92999267578125,390.0,390.2900085449219,2573400
2024-02-07,397.6600036621094,399.1499938964844,394.3599853515625,394.6000061035156,3426800
2024-02-08,397.489990234375,398.6499938964844,394.8500061035156,397.2200012207031,3357700
2024-02-09,398.3599853515625,398.3599853515625,395.82000732421875,397.30999755859375,2509800
2024-02-12,397.7099914550781,399.4800109863281,396.19000244140625,398.6499938964844,2817900
2024-02-13,394.79998779296875,399.7099914550781,392.1000061035156,397.17999267578125,3458500
2024-02-14,398.67999267578125,398.8599853515625,393.54998779296875,395.1499938964844,2669200
2024-02-15,403.45001220703125,404.2699890136719,398.29998779296875,399.1400146484375,3076000
2024-02-16,405.989990234375,406.739990234375,402.5899963378906,404.44000244140625,3532200
2024-02-20,407.1499938964844,411.1099853515625,406.05999755859375,406.4700012207031,3530700
2024-02-21,409.25,409.4800109863281,406.70001220703125,408.260009765625,2717600
2024-02-22,415.1600036621094,416.260009765625,411.0,411.29998779296875,3687600
2024-02-23,417.2200012207031,420.55999755859375,416.5199890136719,417.67999267578125,4015600
2024-02-26,409.1400146484375,430.0,408.8500061035156,422.0,7432300
2024-02-27,408.9100036621094,409.9599914550781,401.7099914550781,409.2099914550781,4609100
2024-02-28,412.1400146484375,414.6700134277344,407.7099914550781,408.5,4067400
2024-02-29,409.3999938964844,413.7900085449219,408.3800048828125,413.1000061035156,4845200
2024-03-01,407.1099853515625,410.3900146484375,405.45001220703125,409.4800109863281,3282100
2024-03-04,403.3900146484375,405.95001220703125,401.42999267578125,405.0,4179400
2024-03-05,400.739990234375,403.3299865722656,398.7799987792969,402.54998779296875,4711700
2024-03-06,403.9599914550781,407.44000244140625,401.70001220703125,402.17999267578125,3839100
2024-03-07,402.3900146484375,406.3999938964844,399.57000732421875,406.1099853515625,4181300
2024-03-08,403.1499938964844,403.3599853515625,400.010009765625,401.0799865722656,3410600
2024-03-11,404.760009765625,405.010009765625,402.739990234375,403.29998779296875,2431700
2024-03-12,404.9800109863281,407.20001220703125,404.1000061035156,406.7799987792969,2616700
2024-03-13,408.1300048828125,409.0,404.1499938964844,405.29998779296875,3584600
2024-03-14,406.7300109863281,409.0799865722656,403.3399963378906,409.0799865722656,3734700
2024-03-15,408.1300048828125,408.4599914550781,402.5,404.2699890136719,7548800
2024-03-18,408.4100036621094,410.6000061035156,406.0,408.70001220703125,3775700
2024-03-19,411.760009765625,412.19000244140625,408.0899963378906,409.0799865722656,2795800
2024-03-20,416.1099853515625,416.30999755859375,411.54998779296875,412.0199890136719,2932900
2024-03-21,413.7799987792969,417.8299865722656,413.510009765625,416.70001220703125,3401600
2024-03-22,411.6000061035156,414.3500061035156,411.3999938964844,413.0,2999600
2024-03-25,409.9200134277344,411.07000732421875,408.9200134277344,410.6700134277344,2804200
2024-03-26,411.57000732421875,412.6600036621094,408.6000061035156,410.0,2935100
2024-03-27,416.92999267578125,417.2099914550781,413.3999938964844,413.6499938964844,2926000
2024-03-28,420.5199890136719,421.44000244140625,415.8500061035156,417.79998779296875,4377400
2024-04-01,420.20001220703125,421.6600036621094,417.80999755859375,421.489990234375,2716100
2024-04-02,418.9200134277344,421.010009765625,418.0899963378906,419.75,3174900
2024-04-03,420.239990234375,421.9100036621094,418.5199890136719,419.0,2740800
2024-04-04,415.32000732421875,424.5199890136719,414.54998779296875,423.8399963378906,3800600
2024-04-05,418.6199951171875,419.2699890136719,415.4100036621094,416.55999755859375,2738300
2024-04-08,415.9700012207031,418.57000732421875,415.6300048828125,418.32000732421875,2485700
2024-04-09,414.69000244140625,417.32000732421875,412.1199951171875,416.5799865722656,2233100
2024-04-10,409.1099853515625,413.55999755859375,407.5299987792969,412.739990234375,3121300
2024-04-11,407.6099853515625,411.1499938964844,404.04998779296875,408.3999938964844,2889900
2024-04-12,403.260009765625,407.2099914550781,401.44000244140625,405.0,3467300
2024-04-15,400.260009765625,409.05999755859375,399.8599853515625,406.989990234375,3002300
2024-04-16,396.9200134277344,401.25,396.5,400.9700012207031,3435500
2024-04-17,397.739990234375,399.2799987792969,395.6600036621094,398.94000244140625,2465600
2024-04-18,399.8900146484375,402.989990234375,399.1000061035156,399.70001220703125,2669500
2024-04-19,405.0799865722656,405.57000732421875,400.1700134277344,401.0400085449219,3996100
2024-04-22,408.7799987792969,411.3500061035156,406.25,406.8399963378906,2980600
2024-04-23,408.739990234375,410.7200012207031,405.6400146484375,410.25,2287600
2024-04-24,405.95001220703125,407.6199951171875,403.8800048828125,407.1000061035156,2506900
2024-04-25,404.9100036621094,406.1400146484375,400.3500061035156,404.8500061035156,2670200
2024-04-26,402.1000061035156,404.75,401.4100036621094,403.9200134277344,3023100
2024-04-29,400.9599914550781,404.8699951171875,400.0799865722656,402.6600036621094,2363600
2024-04-30,396.7300109863281,400.6000061035156,396.3699951171875,400.5799865722656,3070500
2024-05-01,398.5799865722656,402.32000732421875,396.3500061035156,396.6099853515625,2605000
2024-05-02,400.6000061035156,401.55999755859375,397.8800048828125,401.0,2672200
2024-05-03,400.8699951171875,404.5,399.2099914550781,404.5,4119100
2024-05-06,404.9200134277344,405.1499938964844,399.260009765625,403.9599914550781,3918900
2024-05-07,406.1400146484375,407.260009765625,403.6099853515625,406.92999267578125,3084200
2024-05-08,406.3699951171875,407.2300109863281,403.75,406.4700012207031,2398100
2024-05-09,408.82000732421875,408.8699951171875,405.4599914550781,406.25,2356600
2024-05-10,412.04998779296875,412.3800048828125,409.20001220703125,409.8500061035156,3084500
2024-05-13,411.2200012207031,414.29998779296875,410.19000244140625,414.05999755859375,2710300
2024-05-14,410.239990234375,411.55999755859375,408.1700134277344,410.45001220703125,2672400
2024-05-15,412.760009765625,413.3999938964844,410.1000061035156,410.510009765625,2854600
2024-05-16,413.1199951171875,416.3399963378906,412.9100036621094,413.79998779296875,3549700
2024-05-17,416.94000244140625,417.3299865722656,413.70001220703125,413.9800109863281,2988700
2024-05-20,413.0,417.2799987792969,412.6199951171875,417.0400085449219,3287900
2024-05-21,414.3699951171875,415.70001220703125,412.55999755859375,413.5899963378906,2731900
2024-05-22,413.989990234375,417.260009765625,412.9599914550781,414.95001220703125,2664400
2024-05-23,405.8800048828125,413.25,404.8699951171875,413.25,3392300
2024-05-24,407.4100036621094,407.9599914550781,405.5,406.8999938964844,2067700
2024-05-28,403.8999938964844,408.239990234375,401.8699951171875,408.239990234375,3315400
2024-05-29,404.0899963378906,405.8699951171875,401.5799865722656,403.0,3426800
2024-05-30,408.6099853515625,409.0400085449219,402.7699890136719,403.7699890136719,2905300
2024-05-31,414.3999938964844,415.3999938964844,406.8800048828125,408.0899963378906,5190000
2024-06-03,414.7900085449219,416.7200012207031,408.7799987792969,414.8900146484375,4903000
2024-06-04,409.5299987792969,415.8900146484375,406.44000244140625,414.8500061035156,4154800
2024-06-05,409.8500061035156,410.2799987792969,405.7699890136719,410.1000061035156,2634400
2024-06-06,411.0799865722656,411.239990234375,407.3800048828125,410.4200134277344,3438900
2024-06-07,413.7200012207031,415.8800048828125,409.8500061035156,411.2799987792969,2942100
2024-06-10,410.80999755859375,413.94000244140625,409.2699890136719,413.3399963378906,2667300
2024-06-11,408.5,408.9100036621094,406.1099853515625,408.8800048828125,3605900
2024-06-12,408.7699890136719,411.8900146484375,407.1600036621094,411.0899963378906,3551900
2024-06-13,405.9200134277344,408.0,403.57000732421875,407.6300048828125,4563300
2024-06-14,405.5400085449219,406.3399963378906,403.3299865722656,404.8999938964844,2768600
2024-06-17,407.32000732421875,407.82000732421875,403.54998779296875,405.17999267578125,3406500
2024-06-18,407.95001220703125,408.5,405.2799987792969,406.75,4005300
2024-06-20,409.1499938964844,411.0,404.04998779296875,407.25,4844700
2024-06-21,409.6199951171875,410.4700012207031,407.67999267578125,409.82000732421875,9009400
2024-06-24,413.9800109863281,417.0,410.0,410.70001220703125,4933300
2024-06-25,410.9700012207031,414.25,409.6199951171875,414.0,3879800
2024-06-26,410.260009765625,410.67999267578125,407.25,410.0199890136719,3334300
2024-06-27,407.95001220703125,410.260009765625,406.3399963378906,410.260009765625,3218600
2024-06-28,406.79998779296875,410.04998779296875,405.7900085449219,408.25,6819800
2024-07-01,405.19000244140625,409.6700134277344,403.82000732421875,408.0899963378906,2974100
2024-07-02,407.1000061035156,407.3900146484375,403.9200134277344,404.0199890136719,3220900
2024-07-03,405.7699890136719,407.1600036621094,404.2200012207031,407.1600036621094,1970300
2024-07-05,411.1700134277344,411.3999938964844,405.0299987792969,406.239990234375,5149200
2024-07-08,409.0799865722656,413.7900085449219,408.0,411.2699890136719,3559500
2024-07-09,410.5199890136719,413.7099914550781,408.6400146484375,409.4200134277344,2989700
2024-07-10,413.7900085449219,413.9599914550781,409.3999938964844,410.80999755859375,3791800
2024-07-11,418.7799987792969,419.20001220703125,412.0,413.989990234375,4065200
2024-07-12,424.44000244140625,427.45001220703125,419.70001220703125,420.2300109863281,4834600
2024-07-15,434.4200134277344,434.7099914550781,425.29998779296875,425.5899963378906,4594900
2024-07-16,438.8999938964844,439.04998779296875,434.0199890136719,437.3999938964844,4293700
2024-07-17,445.6099853515625,446.1499938964844,437.8399963378906,437.8500061035156,4776600
2024-07-18,441.82000732421875,449.25,439.57000732421875,445.6199951171875,4638300
2024-07-19,434.4700012207031,442.79998779296875,433.3500061035156,442.6700134277344,4158800
2024-07-22,435.9800109863281,438.1099853515625,432.1199951171875,435.04998779296875,2995700
2024-07-23,434.010009765625,437.9200134277344,433.4700012207031,437.3399963378906,2393000
2024-07-24,432.79998779296875,435.4100036621094,430.7300109863281,433.989990234375,3143700
2024-07-25,433.2900085449219,439.6300048828125,431.6000061035156,431.6000061035156,3334300
2024-07-26,437.6600036621094,439.0,434.1000061035156,435.6600036621094,2717600
2024-07-29,438.30999755859375,439.44000244140625,435.489990234375,438.010009765625,2620000
2024-07-30,441.260009765625,443.8900146484375,439.1400146484375,439.510009765625,3736400
2024-07-31,438.5,440.8500061035156,437.739990234375,439.8500061035156,3798800
2024-08-01,431.80999755859375,440.6099853515625,430.95001220703125,439.6700134277344,3892300
2024-08-02,428.3599853515625,436.25,423.489990234375,429.7699890136719,4251500
2024-08-05,413.7200012207031,417.82000732421875,406.1099853515625,413.42999267578125,7695100
2024-08-06,422.1400146484375,427.4599914550781,415.1000061035156,416.4100036621094,5138700
2024-08-07,427.0199890136719,433.1700134277344,425.6000061035156,426.07000732421875,4745600
2024-08-08,431.5400085449219,432.260009765625,427.6000061035156,429.239990234375,3150000
2024-08-09,431.6700134277344,434.75,430.2099914550781,431.9200134277344,2602600
2024-08-12,430.3900146484375,434.1600036621094,429.010009765625,434.1600036621094,2376000
2024-08-13,432.4100036621094,432.80999755859375,425.8999938964844,431.8299865722656,3472000
2024-08-14,438.4700012207031,438.9800109863281,431.7099914550781,433.0,2860200
2024-08-15,440.8399963378906,442.5899963378906,438.7200012207031,441.79998779296875,3226400
2024-08-16,444.510009765625,445.20001220703125,440.45001220703125,441.54998779296875,3345000
2024-08-19,448.7699890136719,450.45001220703125,445.7300109863281,446.010009765625,3385300
2024-08-20,448.3599853515625,450.5,446.3800048828125,449.29998779296875,2906500
2024-08-21,446.6000061035156,451.2799987792969,443.8399963378906,449.8399963378906,3028500
2024-08-22,449.0299987792969,449.6000061035156,444.6499938964844,446.29998779296875,3502800
2024-08-23,453.3800048828125,453.7200012207031,448.80999755859375,450.0,2805400
2024-08-26,454.489990234375,459.2699890136719,453.3399963378906,455.30999755859375,3575800
2024-08-27,460.6300048828125,462.1000061035156,454.6199951171875,455.94000244140625,3764700
2024-08-28,464.5899963378906,466.6000061035156,460.7799987792969,461.1700134277344,4838100
2024-08-29,468.3699951171875,469.8500061035156,463.0,467.1099853515625,4459400
2024-08-30,475.9200134277344,476.95001220703125,470.0,470.5199890136719,7465800
2024-09-03,476.8299865722656,482.8900146484375,473.7200012207031,475.0,7511900
2024-09-04,478.57000732421875,484.82000732421875,474.2200012207031,478.67999267578125,5309400
2024-09-05,464.9200134277344,479.42999267578125,462.8800048828125,479.42999267578125,6213200
2024-09-06,459.4200134277344,468.1700134277344,458.54998779296875,463.82000732421875,4400300
2024-09-09,459.6099853515625,466.0,459.260009765625,463.9700012207031,4571000
2024-09-10,458.9200134277344,464.32000732421875,456.2099914550781,461.82000732421875,3544100
2024-09-11,453.1000061035156,457.6199951171875,445.25,457.6199951171875,5772700
2024-09-12,450.8699951171875,455.0,449.2699890136719,454.8399963378906,3855700
2024-09-13,447.6099853515625,452.42999267578125,447.2099914550781,451.5799865722656,3882600
2024-09-16,451.7799987792969,452.989990234375,448.3399963378906,448.79998779296875,3264400
2024-09-17,456.67999267578125,461.1000061035156,453.2900085449219,453.5,3824300
2024-09-18,456.6000061035156,459.8399963378906,454.8800048828125,458.0799865722656,3065200
2024-09-19,459.7099914550781,462.19000244140625,457.25,462.0,3891300
2024-09-20,455.30999755859375,457.95001220703125,454.04998779296875,457.760009765625,8468800
2024-09-23,454.9800109863281,459.6499938964844,453.4200134277344,457.30999755859375,3485100
2024-09-24,454.55999755859375,455.6000061035156,451.7699890136719,454.3299865722656,3009900
2024-09-25,452.3599853515625,455.80999755859375,451.2099914550781,454.8999938964844,2843300
2024-09-26,454.17999267578125,457.0,451.3399963378906,452.739990234375,3262000
2024-09-27,457.4700012207031,458.2699890136719,455.0400085449219,456.0400085449219,2728000
2024-09-30,460.260009765625,460.6300048828125,454.54998779296875,458.3999938964844,3631100
2024-10-01,457.4100036621094,459.7900085449219,454.82000732421875,459.1099853515625,3043700
2024-10-02,456.6700134277344,458.70001220703125,454.19000244140625,458.70001220703125,2803400
2024-10-03,452.9599914550781,455.9700012207031,450.9200134277344,455.4700012207031,2564700
2024-10-04,461.9700012207031,462.17999267578125,453.80999755859375,455.010009765625,3090200
2024-10-07,453.5,462.3399963378906,452.4100036621094,462.3399963378906,3222100
2024-10-08,453.79998779296875,457.55999755859375,452.8500061035156,455.9599914550781,2234100
2024-10-09,455.8999938964844,457.8800048828125,452.3599853515625,452.75,2206100
2024-10-10,454.92999267578125,457.510009765625,452.7200012207031,457.5,2375800
2024-10-11,460.2099914550781,463.45001220703125,455.8999938964844,455.8999938964844,3242000
2024-10-14,459.9800109863281,462.0,458.1000061035156,461.9200134277344,2969800
2024-10-15,462.67999267578125,466.6600036621094,460.510009765625,460.989990234375,3929900
2024-10-16,465.69000244140625,466.0,462.20001220703125,463.25,3166300
2024-10-17,465.8500061035156,467.8399963378906,464.2699890136719,466.1000061035156,2520900
2024-10-18,464.79998779296875,467.0,463.25,467.0,5635500
2024-10-21,464.1600036621094,465.7900085449219,461.67999267578125,464.5299987792969,3131500
2024-10-22,461.45001220703125,465.1499938964844,457.6000061035156,464.1099853515625,3315200
2024-10-23,460.6099853515625,463.260009765625,458.75,460.1499938964844,3655200
2024-10-24,457.7699890136719,461.04998779296875,453.9599914550781,460.8999938964844,3793500
2024-10-25,454.010009765625,459.45001220703125,453.0299987792969,458.6000061035156,2838900
2024-10-28,458.489990234375,459.239990234375,455.0,455.5899963378906,4103400
2024-10-29,454.6199951171875,458.9200134277344,454.3900146484375,458.6000061035156,3985200
2024-10-30,454.9599914550781,457.6700134277344,453.82000732421875,454.6700134277344,2692100
2024-10-31,450.9200134277344,456.8399963378906,450.57000732421875,455.19000244140625,3660300
2024-11-01,452.1400146484375,455.1199951171875,450.70001220703125,451.489990234375,2971300
2024-11-04,442.2900085449219,450.70001220703125,437.8999938964844,450.3699951171875,5733200
2024-11-05,445.05999755859375,445.2300109863281,441.1000061035156,442.2900085449219,3154400
2024-11-06,468.8999938964844,469.260009765625,459.4800109863281,461.0,6906800
2024-11-07,460.1300048828125,468.4599914550781,460.1000061035156,468.2699890136719,4238000
2024-11-08,463.4100036621094,466.3500061035156,459.5,461.9800109863281,3541300
2024-11-11,467.3599853515625,470.510009765625,464.0,466.010009765625,4119100
2024-11-12,466.2900085449219,468.4200134277344,465.1499938964844,467.69000244140625,4400500
2024-11-13,468.1000061035156,468.3999938964844,464.0,466.4100036621094,2861700
2024-11-14,467.70001220703125,469.45001220703125,466.0,468.80999755859375,3777300
2024-11-15,470.2799987792969,472.260009765625,465.19000244140625,466.739990234375,5817700
2024-11-18,472.20001220703125,472.6700134277344,468.3599853515625,470.9800109863281,3358400
2024-11-19,468.8599853515625,470.7699890136719,465.010009765625,470.7699890136719,3656200
2024-11-20,468.8299865722656,470.6099853515625,466.1099853515625,470.0,3019500
2024-11-21,472.05999755859375,474.6600036621094,467.0,469.45001220703125,4116800
2024-11-22,476.57000732421875,477.44000244140625,471.6099853515625,472.2699890136719,3885200
2024-11-25,477.42999267578125,482.5,476.7900085449219,479.1300048828125,5246600
2024-11-26,478.55999755859375,479.3999938964844,472.8500061035156,478.20001220703125,3332000
2024-11-27,483.0799865722656,491.6700134277344,480.8699951171875,481.0,5359300
2024-11-29,483.0199890136719,486.010009765625,482.04998779296875,485.3699951171875,2969700
2024-12-02,477.3299865722656,485.0899963378906,474.75,484.79998779296875,5031500
2024-12-03,470.19000244140625,478.29998779296875,468.80999755859375,478.1600036621094,4931600
2024-12-04,468.32000732421875,471.3399963378906,466.5,471.0899963378906,3941100
2024-12-05,470.57000732421875,472.739990234375,468.7200012207031,468.7799987792969,3320200
2024-12-06,470.5,472.0799865722656,467.82000732421875,470.5799865722656,3270900
2024-12-09,463.8699951171875,471.70001220703125,463.4200134277344,470.6000061035156,3748200
2024-12-10,462.489990234375,464.989990234375,459.5,464.4200134277344,3648500
2024-12-11,461.3900146484375,465.4800109863281,458.7699890136719,463.3299865722656,3876900
2024-12-12,458.6300048828125,463.57000732421875,458.0799865722656,462.1600036621094,2571300
2024-12-13,457.8999938964844,460.510009765625,457.010009765625,460.510009765625,3474300
2024-12-16,455.20001220703125,460.4200134277344,454.5799865722656,459.1700134277344,4514000
2024-12-17,455.6600036621094,456.6199951171875,452.05999755859375,454.70001220703125,5057500
2024-12-18,446.5899963378906,458.7300109863281,446.0899963378906,457.05999755859375,4361900
2024-12-19,449.3399963378906,453.79998779296875,448.8900146484375,451.7300109863281,4645200
2024-12-20,453.20001220703125,458.6499938964844,447.19000244140625,449.1099853515625,12943900
2024-12-23,454.3500061035156,454.54998779296875,449.82000732421875,453.19000244140625,3836000
2024-12-24,458.6600036621094,458.989990234375,454.07000732421875,455.4100036621094,1761200
2024-12-26,459.0799865722656,459.4800109863281,455.79998779296875,457.2699890136719,2159600
2024-12-27,456.510009765625,461.1300048828125,454.4800109863281,457.29998779296875,3237700
2024-12-30,452.1600036621094,454.69000244140625,449.17999267578125,454.25,2831400
2024-12-31,453.2799987792969,454.3299865722656,451.1099853515625,452.2099914550781,3380700
2025-01-02,451.1000061035156,456.8900146484375,450.0299987792969,455.9599914550781,3746400
2025-01-03,453.55999755859375,454.5299987792969,450.1199951171875,452.5299987792969,2884600
2025-01-06,451.4100036621094,456.239990234375,450.57000732421875,453.8500061035156,4072900
2025-01-07,452.9200134277344,456.5199890136719,451.1000061035156,452.79998779296875,3507200
2025-01-08,451.8399963378906,454.0,449.6300048828125,453.6300048828125,3933300
2025-01-10,442.6600036621094,453.0,440.1000061035156,452.6600036621094,5471900
2025-01-13,443.9100036621094,445.0,441.1499938964844,442.0400085449219,3639200
2025-01-14,450.0299987792969,450.29998779296875,443.9200134277344,445.5,4055600
2025-01-15,458.510009765625,459.0899963378906,453.2699890136719,455.54998779296875,4719400
2025-01-16,462.80999755859375,462.9599914550781,458.29998779296875,458.92999267578125,3475700
2025-01-17,467.95001220703125,470.17999267578125,462.45001220703125,464.7099914550781,6467000
2025-01-21,468.57000732421875,473.1700134277344,467.7200012207031,471.0,4910200
2025-01-22,460.510009765625,468.8900146484375,455.2799987792969,468.5899963378906,5838500
2025-01-23,459.8299865722656,464.760009765625,458.0,461.67999267578125,4424500
2025-01-24,463.19000244140625,463.80999755859375,457.0799865722656,459.20001220703125,3070300
2025-01-27,474.70001220703125,474.92999267578125,464.29998779296875,464.29998779296875,4535600
2025-01-28,469.9700012207031,473.92999267578125,469.29998779296875,473.92999267578125,3261300
2025-01-29,469.260009765625,473.9200134277344,468.0,469.8800048828125,2524200
2025-01-30,472.3500061035156,474.05999755859375,469.1499938964844,472.20001220703125,2552200
2025-01-31,468.6700134277344,472.54998779296875,467.010009765625,471.8399963378906,5442600
2025-02-03,464.6099853515625,466.739990234375,454.6000061035156,461.29998779296875,4232000
2025-02-04,467.489990234375,467.9100036621094,462.70001220703125,464.94000244140625,3238400
2025-02-05,473.7300109863281,474.239990234375,468.8900146484375,469.80999755859375,3782800
2025-02-06,477.2200012207031,478.0,473.2799987792969,475.4599914550781,3832700
2025-02-07,472.739990234375,478.25,472.3399963378906,477.4100036621094,3205100
2025-02-10,470.1700134277344,474.20001220703125,469.3699951171875,473.9599914550781,2907300
